age_group,expected_deaths,actual_deaths,ae_ratio
20-30,0.97028,2,2.061260667023952
30-40,1.4963,3,2.0049455323130387
40-50,2.7942,4,1.431536754706177
50-60,6.28464,8,1.2729448305710431
60-70,15.92272,18,1.1304601223911492
70-80,44.94132,44,0.9790544647998769
