sex,expected_deaths,actual_deaths,ae_ratio
female,29.05934,29,0.9979579715162148
male,43.42077,50,1.151522646880744
